state,locale,entry
Alabama,Auburn,Hundreds hold a largely peaceful protest in downtown Auburn at Toomer's Corner.[citation needed]
Alabama,Birmingham,"An estimated 1,000 people gathered on May 30 for a rally and march."
Alabama,Dothan,"A large crowd gathered peacefully at the Houston County Courthouse on Sunday afternoon, holding signs, chanting, and listening to speakers."
Alabama,Hoover,100 or more protesters attended a march along U.S. Route 31 to the Hoover Municipal complex on May 30; 20 people were arrested.
Alabama,Huntsville,Protesters marched through downtown on May 30.
Alabama,Mobile,"On May 31, a march starting at Mardi Gras Park looped around the city and returned to the park. Part of the group attempted to block I-10 but were stopped by police who blocked the road themselves and later dispersed the crowd with tear gas. A police van window was smashed but a public safety director distributed his phone number asking them to express their concerns."
Alabama,Montgomery,Hundreds of people protested on the steps of the Alabama State Capitol on May 30.
Alabama,Opelika,A crowd protested downtown.
Alabama,Troy,"About 50 people demonstrated peacefully on Friday, May 29, on the square in downtown Troy."
Alaska,Anchorage,"Two peaceful demonstrations were held on May 30. A march, organized by a high school student via Instagram, began at Town Square. About a hundred protestors marched for about 45 minutes while chanting and holding signs. A rally, organized separately and attended by hundreds of people, took place in midtown where pastors and community activists spoke in solidarity for justice."
Alaska,Fairbanks,On May 30 over 400 peaceful protestors took part in a rally and march from Veteran's Memorial Park to Golden Heart Plaza organized by the Fairbanks NAACP and the statewide group Native Movement.
Alaska,Juneau,"About 250 peaceful protestors attended what was planned to be a silent vigil. The protestors sang and chanted, standing in solidarity with other protests occurring throughout the country."
Arizona,Phoenix,"Hundreds protested, with the police using pepper spray and tear gas. Protesters allegedly destroyed windows and doors to the Arizona Federal Theater and a City of Phoenix government building, as well as several other municipal and private businesses and parked cars. Some lit fireworks and fired shots into the air. On May 29 a separate vigil was held outside the Arizona Department of Public Safety in honor of Dion Johnson, a 28-year-old man who was shot and killed by a DPS trooper on May 25."
Arizona,Prescott,More than 150 protesters demonstrated in front of the Prescott Valley Police Department. Minor skirmishes with a pro-law enforcement group was reported on May 30.
Arizona,Scottsdale,Hundreds of people protested downtown.  Rioters caused millions in damage to the Scottsdale Fashion Square area and 12 arrests were made.  No officers were injured.
Arkansas,Little Rock,"About 400 to 500 people took part in a September 30 protest outside the Capitol building. Some windows were broken in businesses across the street, and Interstate 630 was briefly blocked on two occasions. A new mural was also added on West 7th Street."
California,Davis,Roughly 100 UC Davis students held protests in downtown Davis. The Davis Police Department was vandalized.
California,Eureka,Hundreds protested in the streets near the courthouse on May 30. Two different cars drove into demonstrators.
California,Modesto,"On May 31, hundreds of protesters in Modesto marched through downtown core and diverged up to McHenry Avenue until reaching Standiford Ave.  Protesters then walked south back to downtown starting point.  Protests were largely peaceful with few instances of bottles being thrown at police. One person was arrested."
California,Oakland,"On May 29, hundreds of protesters gathered near the Oakland Police Department headquarters in downtown Oakland. Some protesters set off fireworks and threw bottles at police. Police fired flash-bang grenades and tear gas at the crowd. Many businesses in the area were ransacked or had their windows smashed. Several dozen protesters blocked traffic on Interstate 880, stopping traffic in both directions for about half an hour. Oakland police department reported arrests but didn't provide any specific details. Two Federal Protective Services officers were shot during the riot, one of whom died. A vehicle pulled up next to the federal building and someone inside the vehicle fired at security personnel stationed outside. Authorities said they have not determined a suspect or a motive for the shooting, and cautioned against assuming it was related to the protests. This incident was labelled by Department of Homeland Security Acting Deputy Secretary Ken Cuccinelli as an ""act of domestic terrorism.""  In addition, six police officers and seven civilians were injured in clashes elsewhere in the city."
California,Sacramento,Hundreds of people protested peacefully on Franklin Boulevard. A group of protesters jumped onto Highway 99 southbound at the 12th Avenue overpass and traffic. On May 30 protesters blocked part of I-5 and marched downtown.
California,San Francisco,"A protest was held at the UN Plaza the afternoon of May 30. Later that night, looting occurred at stores at the Union Square and ten arrests on felony looting were made. San Francisco Mayor London Breed issued a curfew."
California,San Jose,"On May 29, hundreds of protesters blocked traffic on Highway 101, then marched to City Hall. At Highway 101 some people in the group were seen attacking vehicles. One man was filmed smashing a car's window while a woman pulled on the doors and yelled at the occupants to get out. Protesters also blocked Interstate 880. Some threw bottles and rocks and launched firecrackers at police, injuring some officers. Many businesses and properties had their windows smashed and were ransacked. Some rioters also used graffiti to vandalize. One crowd started a fire on Broadway and fed it with debris and construction barricades.  The city imposed a curfew from 20:30 to 05:00, beginning on 2020.05.31."
California,San Rafael,Protesters lined up along Third Street in the North Bay on May 31. Passing drivers honked in encouragement.
California,Santa Cruz,"On May 30, hundreds of protesters gathered peacefully. The city's Mayor and Police Chief joined the protest."
California,Santa Rosa,"On May 30, up to 500 protesters marched from downtown Santa Rosa to Mendocino Avenue, towards the Sonoma County Jail. Later that night, windows of downtown restaurants, banks, church, and the Santa Rosa Plaza had windows smashed and graffiti mentioning the death of Andy Lopez, a 13-year-old killed by police in Santa Rosa in 2013. Police have not determined if any arrests were made in the vandalism."
California,Vallejo,About 100 protesters marched from Wilson Park to the Vallejo Police Department station on May 28.
Colorado,Aspen,"Dozens of residents attended a candle-light vigil on May 30. Participants repeated the words ""I can't breathe"" for nine minutes, the length of time that Derek Chavin's knee was on George Floyd's neck."
Colorado,Boulder,"About 50 people organized a modified sit-in style protest where demonstrators peacefully took a knee for one hour on May 29. Hundreds walked three miles through a ""Boulder in Solidarity"" march on May 30."
Colorado,Colorado Springs,About 300 protesters demonstrated by laying on their stomach in front of City Hall on May 30. Dozens were arrested on May 30. More protests took place on May 31.
Connecticut,Bridgeport,A section of Route 8 was shut down by protesters[when?].
Connecticut,Hartford,"On May 29, 2020, hundreds of people protested in front of the Capitol.  On May 30, 2020, more than 1,000 people participated Hartford, marching to the Hartford Police Department and Connecticut State Capitol."
Connecticut,Middletown,"A peaceful march across main street was attended by a few hundred people on Saturday night, May 30."
Connecticut,New Haven,"On May 31, 2020, roughly 1,000 protesters shut down a section of Interstate 95[when?]."
Connecticut,New London,An anti-racism rally was held[when?].
Connecticut,Waterbury,"A peaceful protest was held in two places, when the police told everyone to get back but, some didn't so 28 people were arrested across from the police station on East Main Street"
Delaware,Dover,"On May 31, over 200 protestors gathered outside the Dover Police Department and Delaware Legislative Hall before marching north along U.S. Route 13, causing portions of the road to be closed. Looting took place at one store at the Dover Mall, with a curfew going into effect at 9pm on Sunday night."
Delaware,Wilmington,"Protesters blocked part of Interstate 95 for several hours. The protests were led by Black Lives Matter and Food Not Bombs. In the evening, several businesses in downtown were looted including a jewelry store and local restaurants. A police vehicle and personal vehicles of local residents were smashed."
District of Columbia,"Washington, D.C.","The White House was on lockdown Friday night in response to protests reaching the gates. The protests begun at 7:00 p.m. By 8:30 p.m. the White House lockdown was lifted as protesters began to leave. At 10:00 p.m. the protesters returned however by 3:30 am Saturday the protesters were more subdued. The protesters came into conflict with the secret service. At times the protesters got close enough to inflict minor injuries on certain officers. At one point the protesters were pepper sprayed. President Donald Trump responded to the protesters with a tweet saying that they would have been attacked by ""vicious dogs."" On May 30, The Secret Services reported that six people were arrested in Lafayette Park, the previous night. This contradicts an earlier tweet from President Trump in which he criticized Washington, DC, Mayor Muriel Bowser for lack of involvement. Protesters gathered around the White House again on May 30. Police vehicles soon became damaged with one protester graffitiing ""words disparaging the President."""
Florida,Coral Gables,About 100 people participated in a protest that was coordinated with the local police department.  The protest had sparked controversy because people have said it was not led by blacks and that police officers had been invited to participate.
Florida,Coral Springs,"The CSPD said in an announcement on May 31 that said that protesters would most likely target Coral Springs, Parkland, Lauderhill, Pompano Beach, West Ft Lauderdale, and Davie due to the majority white population. On May 31, over 50 protestors marched down Florida State Road 814. A police officer from CSPD was suspended on May 30 for kicking a black man in the stomach. Some 30 Protestors were at the intersection of FSR 834 and FSR 817."
Florida,Fort Walton Beach,"A group of protesters held a vigil on Sunday, May 31, listening to speeches and prayers.  Another protest involved about 200 people walking along Eglin Parkway, escorted by Fort Walton Beach police cars."
Florida,Gainesville,"Roughly 1000 people gathered in a peaceful march downtown. Later, a man drove through a crowd of protesters and pulled out a gun.   The man was arrested and charged with aggravated assault."
Florida,Jacksonville,"On Saturday afternoon, May 30, about 1200 people protested downtown from about 3 to 6 p.m., with organizers emphasizing keeping the protest peaceful.  However, after most of the crowd had left, a smaller contingent of about 200 people became violent, vandalizing police cars, assaulting officers, and slashing the neck of one officer, who was transported to a hospital.  A demonstration was also held in front of the Jacksonville Sheriff's Office."
Florida,Lake Worth Beach,"On May 30, a peaceful protest of a few hundred people took place throughout Lake Worth by the City Hall. The gathering was peaceful for the exception of an American flag being ripped down from a flagpole."
Florida,Miami,"On May 30, about 400 to 500 people protested downtown; protests began peacefully, and as of 7pm on Saturday, no arrests had been made. However, one demonstration quickly turned violent as a large group of protesters began looting the Bayside Marketplace later into the night, leading Miami-Dade mayor Carlos A. Giménez to order a local state of emergency and a 10 p.m. curfew."
Florida,Orlando,"On May 30, a large crowd of people protested peacefully."
Florida,Panama City,"On Saturday, May 30, a small crowd of protesters stood on the sidewalk at the east end of the Hathaway Bridge, holding up signs and receiving honks of acknowledgement from passing motorists."
Florida,Pensacola,"On Friday and Saturday, May 29 and 30, about 400 people gathered at the so-called Graffiti Bridge near the shore of Pensacola Bay in a peaceful demonstration.  On Saturday, a caravan of friends, family, and supporters drove through town to honor the memory of Tymar Crawford, a black man killed in a scuffle with Pensacola police in July 2019."
Florida,St. Petersburg,Hundreds of people protested peacefully as they marched from City Hall to police headquarters.
Florida,Tallahassee,"Hundreds of protesters marched from Florida State University to the Old Capitol Building before a truck drove through a group of people protesting downtown. ""No one was seriously injured,"" according to Mayor John E. Dailey; police quickly pulled the driver from the truck and took him into custody. Demonstrations also occurred at Tallahassee Police headquarters and the Governor's Mansion."
Florida,Tampa,"Hundreds of people protested peacefully downtown, but around dusk some people began looting multiple stores on E Fowler Avenue.  Others set fire to a Mobil gas station on 3003 East Busch Boulevard, but firefighters were able to quickly get the fire under control inside the store and on the roof by 9 p.m. Deputies deployed canisters of tear gas in an effort to prevent protesters from getting into the University Mall. Multiple people were arrested. Protesters threw rocks and objects at the deputies; one deputy was sent to the hospital after being hit in the head with an object by a protester near the University Mall. Around 12:40 PM a Champs store was set on fire by protesters near the University Mall. Another deputy was also injured."
Florida,Temple Terrace,"Hundreds of people protested while traversing the city, blocking traffic at points.  Protesters stated that rubber bullets were used."
Florida,West Palm Beach,"Several hundred protestors gathered in downtown West Palm Beach early Sunday evening, on May 31. The protest eventually turned into a march by 6:30 PM that shut down Northbound I-95, and were briefly joined by law enforcement agencies. By 7:45 PM, most demonstrators were off the interstate highway, reopening at 8:25 PM. The Palm Beach Police Department issued warnings to residents as the protestors moved around in the area, and Mar-A-Lago, the President's retreat, was placed in shutdown. West Palm Beach Police engaged in a tense standoff with protestors in the downtown area. A curfew was placed for 9 PM to 6 AM in order to disperse the crowds by 9:30 PM. After this, crowds began to vandalize the Palm Beach County courthouse and stores in Palm Beach Lakes Boulevard, resulting in the destruction of a Geek Squad van via arson. On social media, people have stated that the gathering turned violent when the 9 PM curfew was enacted at 8:56 PM, four minutes prior to the enforcement. During the curfew, acts of violence occurred, including looting, vandalizing, and shootings. By 11 PM, parts of Palm Beach and West Palm Beach remained closed by police."
Florida,Windermere,More than 200 protesters gathered outside Chauvin's summer home.
Georgia,Albany,"On Saturday, May 30, about 40 or 50 protesters peaceably demonstrated with signs and chants, lining up along Slappey Boulevard on a vacant lot where they were joined by local officials and supplied with bottled water by Albany police."
Georgia,Athens,Protesters blocked Broad Street starting around lunchtime on May 29 at the University of Georgia.
Georgia,Atlanta,"A peaceful march occurred on May 29 at Centennial Olympic Park and was attended by hundreds. At around 6:00 p.m., protesters marched to the CNN Center, which was then vandalized by protesters starting at around 7:00 p.m. Specifically, some protesters vandalized the CNN logo outside its offices, broke the building's glass, and entered the center at around 9:00 p.m. and destroyed its interior. As tensions between protesters and police escalated, police began using tear gas on protesters. Protesters threw water bottles, eggs, and other objects at officers, burned police cars, and defaced businesses. The College Football Hall of Fame's gift shop was looted; Hall of Fame CEO Kimberly Beaudin told ESPN that ""no artifacts or displays were damaged."" Three officers were injured in the clashes, including one who was run over by an ATV. At midnight, Governor Brian Kemp declared a state of emergency in Fulton County and authorized 500 National Guard members to aid law enforcement in the city. Local black leaders, including Mayor Keisha Lance Bottoms and rapper and activist Killer Mike, decried the riots. As of Saturday at 5:30, 71 arrests had been made in Atlanta, and one demonstrator was reported shot. Two police officers were fired after they tased two college students."
Georgia,Augusta,"On May 30, about 60 people marched on Wrightsboro Road. The event was organized on Facebook. On May 31, hundreds of demonstrators marched down Washington Road chanting and holding signs. Richmond County Sheriff Richard Roundtree spoke and deputies marched with the group."
Georgia,Columbus,"Over 200 protesters walked peacefully along Broadway through downtown Columbus on Sunday afternoon, May 31, with a police escort under the supervision of the mayor and the county sheriff. After the march ended about 3 p.m., some protesters regrouped and walked up 13th Street, blocking traffic; 22 of them were arrested for failing to disperse, a misdemeanor."
Georgia,Macon,"Hundreds gathered on Sunday, May 31, in Rosa Parks Square downtown for an ""Ecumenical Day of Solidarity"" organized by local clergy to honor the memories of George Floyd, Ahmaud Arbery, and Breonna Taylor with songs, chants, and prayers. The event was attended by Bibb County Sheriff David Davis and two of his deputies."
Georgia,Newnan,Dozens of protesters gathered for a peaceful rally at the Coweta County Courthouse on the evening of May 30.
Georgia,Savannah,"Hundreds of protesters began a march from City Hall on May 31. Some group members went to Martin Luther King Boulevard, while others went to City Market."
Georgia,Valdosta,"About 50 protesters assembled on the grounds of the Lowndes County Courthouse on the afternoon of May 30 for a peaceful demonstration, and were acknowledged by passing motorists with honks of support."
Georgia,Warner Robins,"On May 30, dozens of protesters marched two miles through the Macon suburb to start a conversation about police brutality."
Hawaii,Hilo,About 20 people protested peacefully at the intersection of Kamehameha Avenue and Bishop Street.
Hawaii,Honolulu,"On May 30, more than 100 protesters gathered in front of the State Capitol."
Hawaii,Kahului,Over 150 people protested peacefully on May 30 at the intersection of Hana and Haleakala Highways.
Hawaii,Kailua-Kona,At least 10 people protested on 2020.05.29.
Idaho,Boise,A handful people protested in front of the Idaho State Capitol on May 30. Hundreds more gathered on the same steps on May 31.
Idaho,Idaho Falls,About 70 people protested on the Broadway Bridge on May 30.
Illinois,Bloomington,"On May 29, a group of around 10 to 15 protesters gathered during the evening and demonstrated at the median of the intersection of Veterans Parkway and Clearwater Avenue. Protesters stated that the event initially consisted of a small group of people, but others eventually joined the demonstration."
Indiana,Fort Wayne,"Hundreds gathered outside the Allen County Courthouse in a peaceful demonstration that turned violent after police fired off tear gas in response to protesters blocking traffic by sitting in the road at Clinton and Main Street, refusing to move. Some establishments were vandalized."
Indiana,Hammond,"Several hundred people attended a rally organized by ""Black Lives Matter-Gary"" outside the Hammond Police Station on May 30."
Indiana,Indianapolis,"Protesters and police clashed downtown. Some protesters broke windows of businesses. Several officers were injured.  Tear gas and rubber bullets were used to disperse crowds. During the night of May 30, three people were killed and two more injured in several shootings."
Indiana,South Bend,"Hundreds protested at two peaceful marches downtown on May 30. Police barriers were broken and insults were hurled at police, but the marches remained peaceful. Ideas for change were discussed."
Iowa,Ames,Roughly 300 people gathered to march around Ames' City Hall.
Iowa,Cedar Rapids,"Protestors gathered at the Linn County Courthouse on May 29, 2020."
Iowa,Davenport,"More than 500 people in LaClaire Park on May 30, 2020, to protest. Rocks were thrown during part of the protest."
Iowa,Des Moines,"Hundreds of protesters clashed with police downtown[when?]. Some protesters threw bottles, rocks, bricks, and fire crackers at officers. Some were also seen smashing windows of a Hilltop Tire service and then going inside. The federal courthouse had its doors and windows broken.  Tear gas and pepper spray were used."
Iowa,Sioux City,"On May 29, about 100 protesters marched to the Sioux City Police/Fire Headquarters building."
Iowa,Waterloo,Approximately 500 people marched on May 29.
Kansas,Topeka,About 500 people peacefully protested in front of the Kansas State Capitol.
Kentucky,Bowling Green,"People protested outside the Bowling Green Police Department. During the protest, a 24-year-old man hit a protester with a Silverado pickup truck, and was arrested; police stated that he ""had plenty of room... to avoid hitting protesters,"" and that when they asked if his vehicle had hit the protester, the man replied, ""Probably so, there were protesters blocking the fucking road, they deserved to be hit, anyone would."" He was arrested, charged with wanton endangerment in the first degree (a felony in Kentucky), and taken to Warren County Regional Jail."
Kentucky,Lexington,"On May 31, several hundred protesters gathered downtown for the third night in a row. At one point late Sunday, dozens of officers ""took a knee"" with protesters who were chanting ""Kneel with us! Kneel with us!"""
Kentucky,Louisville,"On May 28, protesters demanded justice for the death of Breonna Taylor. Some 500 to 600 demonstrators marched through the city that evening. Later during the protest, seven people were shot by an unknown shooter or shooters, with one victim critically injured. During the night of May 29, more protests took place, attended by hundreds of people. A woman suffered a heart attack as a result of tear gas inhalation, and two journalists were injured by rubber bullets fired by police officers. On May 30, the governor called in the National Guard. A man was shot and killed by law enforcement just after midnight June 1. ""Reports say"" the Louisville Police and National Guard were returning fire after being fired upon first."
Louisiana,Alexandria,"Dozens of protesters walked peacefully through downtown Alexandria on Sunday afternoon, May 31, chanting for ""justice, peace, and equality."""
Louisiana,Baton Rouge,"A vigil was held at a church on May 30, while hundreds marched to the Louisiana State Capitol building on May 31."
Louisiana,Lafayette,"Several hundred people peacefully protested on Sunday, May 31, at a rally held at the corner of University Avenue and Johnston Street by the campus of the Univerity of Louisiana at Lafayette."
Louisiana,Lake Charles,"About 300 people attended a peaceful protest rally on Sunday, May 31, at the corner of Broad Street and Enterprise Boulevard."
Louisiana,New Iberia,"A small, peaceful protest took place on the evening of May 30 at the corner of Lombard and Hopkins Streets."
Louisiana,New Orleans,"On Friday, May 29, about 50 people protested at the intersection of North Claiborne and Esplanade Avenues; the demonstration continued for several hours. On Saturday, over 1000 people peacefully protested and marched to the police headquarters."
Louisiana,Shreveport,"On Sunday, May 31, 300 to 500 people marched from the Shreveport Police Department headquarters to the Caddo Parish District Courthouse, where they listened to several speakers before marching back to the starting place.  The protest was peaceful, and Shreveport police escorted the marchers on their route, closing off side streets as the marchers passed by."
Maine,Bangor,"On May 31, a group gathered at the University of Maine to promote a message of racial equality."
Maine,Portland,Hundreds of people protested peacefully downtown.  One group blocked Franklin Street.  There was no evidence of violence and no arrests were made.
Maryland,Baltimore,"Hundreds of protesters gathered outside Baltimore's city hall on Saturday night, for the second night. Protesters were mainly peaceful with some reports of arrests and a police car window smashed. A car caravan protest also occurred."
Massachusetts,Amherst,"More than sixty people peacefully gathered across from the police station on Saturday, May 30."
Massachusetts,Boston,"A group of several hundred protesters gathered in Peters Park on Thursday, May 28, in what began as a peaceful demonstration, but escalated into a clash with police after several dozen protesters crowded around the nearby Precinct 4 police station. Several protesters were pepper sprayed. The following day, a second large group of protestors clashed with city police, injuring four officers and resulting in ten arrests."
Massachusetts,Framingham,"On Thursday, May 28, a group of about thirty protesters peacefully gathered and crowded along sidewalks in the city."
Massachusetts,New Bedford,"A group of about twenty-five people began peacefully marching around the city in the early afternoon on Saturday, May 30. The crowd gradually grew to a size of almost one hundred protesters, until one of the leaders asked the crowd to disperse at around 9:30 pm and begin again the next day. A second, smaller crowd gathered and resumed protesting the following morning."
Massachusetts,Springfield,"Several hundred people peacefully protested outside of the city police's headquarters on Friday, May 29."
Michigan,Ann Arbor,"Hundreds of protesters gathered on the central square of the University of Michigan on May 30, with a series of activists and community members using a megaphone to speak about racial injustice and police violence. That day and for several days beforehand, protesters also marched through the streets of Ann Arbor. These protests were related to an event in neighboring Ypsilanti on May 26, in which a police officer had been filmed punching an Ypsilanti woman and then taking her into custody where she was held for several days."
Michigan,Detroit,Hundreds protested in downtown Detroit. Some protesters were seen throwing items at police officers and taunting them. At least 61 people were arrested. On Friday night a 21-year-old man was shot and killed around 11:30 p.m. He was killed after an unknown assailant fired shots into a vehicle. The man was taken to an hospital where he died. It was initially thought that this man was 19 years old and that the assailant fired from a vehicle; this was later proven otherwise.
Michigan,Flint,Hundreds of protesters shut down a main road in the city on May 30. Genesee County Sheriff Chris Swanson spoke to the crowd saying he wanted to stand in solidarity with the protesters.
Michigan,Grand Rapids,"Thousands of demonstrators marched in downtown Grand Rapids on May 30. The protesters initially gathered at Rosa Parks Circle for a silent protest while other demonstrators moved to the headquarters of the Grand Rapids Police Department where interactions intensified. Grand Rapids police chief Eric Payne spoke to protesters stating ""I've heard you my entire career. Black lives do matter"", with clashes later intensifying with protesters beginning to throw objects at police. After protesters broke windows of a nearby store, police began to disperse demonstrators with tear gas and flash bangs. Into the early morning hours of May 31, looting and fires began to spread through downtown Grand Rapids."
Michigan,Lansing,Several thousand people marched from East Lansing to the Capitol building on May 31. The city of Lansing enacted an immediate curfew that lasted until June 1.
Michigan,Marquette,"A number of protesters gathered outside the city's post office on May 29. The following day, a protest march started at Northern Michigan University and proceeded towards the city's downtown; a protester briefly stood on the hood of a city police SUV, but no arrests were reported. On May 31, over 150 people took part in another protest that covered 20 blocks and ended at a county sheriff's office."
Michigan,Ypsilanti,"On May 28, about 100 protesters gathered at the Washtenaw Country Sheriff's Office to protest the incarceration of local woman Sha'Teina Grady El after a police officer had been filmed punching her on May 26, the day after George Floyd's death. These protests were closely linked to the protests in neighboring Ann Arbor that week."
Minnesota,Jackson,A group peacefully protested outside the Mississippi state capitol and marched through downtown Jackson.
Minnesota,Petal,"On May 28 at least 200 people protested outside Petal City Hall on Friday night, demanding that Mayor Hal Marx resign after he made a comment defending the police regarding George Floyd's death and saying ""I didn’t see anything unreasonable"". One elderly woman walked three miles with symbolic chains around her feet to get to the protest."
Minnesota,Tupelo,Several hundred people protested peacefully at the Tupelo Fairpark on May 30.
Mississippi,Jackson,A group peacefully protested outside the Mississippi state capitol and marched through downtown Jackson.
Mississippi,Petal,"On May 28 at least 200 people protested outside Petal City Hall on Friday night, demanding that Mayor Hal Marx resign after he made a comment defending the police regarding George Floyd's death and saying ""I didn’t see anything unreasonable"". One elderly woman walked three miles with symbolic chains around her feet to get to the protest."
Mississippi,Tupelo,Several hundred people protested peacefully at the Tupelo Fairpark on May 30.
Missouri,Kansas City,"Hundreds of protesters marched from the Country Club Plaza to the Westport, where police used pepper spray. Some protesters sat in the middle of the street, leading several streets near the intersection of J.C. Nichols Parkway and Emmanuel Cleaver II Boulevard were closed for hours. Some protesters blocked a window and picked up a type 3 traffic barricade, leading police to believe they would use it to commit violence."
Missouri,Springfield,"On May 30 and 31, hundreds of protesters marched down Battlefield Road, carrying signs with messages protesting racial injustice. At the intersection of Glenstone and Battlefield, a group laid down on  the road for several minutes screaming ""I can’t breathe!"" At least two protesters said they felt supported on Sunday by the Springfield police. One protester was arrested on Sunday by the police at his request to create awareness, but was later released."
Missouri,St. Louis,"On Saturday around 1,500 protesters marched downtown. Protesters shut down part of Interstate 64 and Interstate 70, some setting off fireworks; protesters also blocked traffic downtown.  Protesters also blocked traffic in the downtown. One protester died after being dragged by a FedEx truck as it tried to slowly drive through North Broadway and O'Fallon Street. The driver of the truck attempted to drive away after two men displayed guns at him and others began to take items from his truck."
Montana,Billings,About 50 primarily high school and college-age protesters stood in front of the Billings Police Department's downtown station on May 30.
Montana,Bozeman,"Approximately 2,000 protesters marched peacefully from Bogert Park to the Gallatin County Courthouse."
Montana,Helena,About 150 people in Helena gathered in front of the Montana State Capitol building.
Montana,Missoula,Hundreds of people peacefully protested outside the Missoula County Courthouse on May 29.
Nebraska,Lincoln,"On the morning of Friday, May 29, people gathered at the Capitol to protest. Overnight[when?], people gathered at around 27th and O Streets to protest. Eight police officers were injured with one requiring advanced medical treatment, several businesses and police vehicles were damaged.  Tear gas and rubber bullets were used, and arrests were made. On May 31st, Lincoln Journal-Star reporter Chris Dunker was tackled and detained by police while live-streaming."
Nebraska,Omaha,"Thousands of people protested.  The protests were largely peaceful until around 10:30 p.m.  A small number of people broke the law, and 18 arrests were made due to failure to disperse. Several businesses were damaged. Some protesters threw objects such as shoes and water bottles at police. At one point protesters surrounded a police vehicle. Two officers were injured during the riots. Tear gas and pepper balls were used."
Nevada,Las Vegas,"On May 29, 2020, approximately 200 to 300 people rallied in the area of Las Vegas Boulevard and Tropicana Avenue. Hundreds of protesters gathered on the strip leading to the police arresting 80 people, including 2 journalists. Some protesters threw water bottles and rocks at police. 12 police officers were injured during the gathering. The following day, crowds marched to the Regional Justice Center while a separate crowd grew near the Container Park in Downtown Las Vegas."
Nevada,Reno,"On May 30, 2020 at least 1,000 people participated in a protest in downtown Reno. Protesters drew graffiti, ignited a small fire, and burned a flag. Police vehicle windows were smashed as well as windows of a commercial building. People broke into City Hall and started a fire inside. While no arrests have been made, the city government issued a mandatory curfew, effective immediately. Mayor Hillary Schieve declared a state of emergency, and Governor Steve Sisolak activated the Nevada National Guard."
New Hampshire,Dublin,A protest occurred on May 30.
New Hampshire,Keene,Protesters rallied in Center Square on May 30.
New Hampshire,Manchester,"On May 30, 2020, approximately 800 people rallied in downtown Manchester, beginning their protest at Veterans Park, marching down Elm Street, and ending their march back at the park. Although the protests were peaceful, a tense moment happened at around 1:30 PM when two men in a pickup truck with a blue Trump 2020 flag attached to it drove up to and argued with protesters, with one of the men exiting the truck and brandishing a handgun. Shortly thereafter, the two men—aged 43 and 19—were arrested and charged with felony riot and felony criminal threatening."
New Hampshire,Peterborough,A protest occurred on May 30.
New Jersey,Atlantic City,About 100 people protested near  Tanger Outlets.
New Jersey,Camden,"Hundreds demonstrated in a peaceful march to protest police brutality in the city. Camden County Police marched alongside demonstrators. The Chief helped hold a ""Standing in Solidarity"" banner at the front of the march."
New Jersey,Englewood,"More than 1,000 people rallied in Mackay Park before peacefully marching to the Englewood Police Station."
New Jersey,Freehold Township,"About 35 people displayed signs along a highway in a demonstration called ""March on Route 9"" on Saturday."
New Jersey,Newark,"A crowd of at least 5,000 marched peacefully down Market Street on May 30 at a rally organized by ""People's Organization for Progress."""
New Jersey,Paterson,A rally intended for George Floyd was attended by family members of Jameek Lowery who died after an encounter with the Paterson Police in 2019.
New Jersey,Trenton,Several groups including Black Lives Matter gathered at the New Jersey Statehouse on Saturday.
New Jersey,Willingboro,"A lone man has been standing every day since May 27 at a corner across from a mini-mall in his small Burlington County hometown holding a sign that says ""Stop Black Genocide"". He moved back home from Atlanta just to do this. Each day he has been joined by more people, as of May 30, the number has risen to twelve."
New Mexico,Albuquerque,"Hundreds of people protested, and tear gas was deployed, but no one was injured. Part of the city was shut down. Several shots were fired from a vehicle in the area of Wisconsin and Central, while a female sergeant was approached by several people and had her vehicle damaged. Four people were taken into custody. Several rioters were seen on camera approaching vehicles and were attempting to damage the vehicles and drag civilians out of their cars. One vehicle in particular was driving around firing shots. It is unclear how many shots were fired by that specific vehicle, though shot spotter technology determined that there were about 33 total registered reports of shots fired in the area. Police were able to initiate a traffic stop and take four individuals into custody, including one who initially fled on foot. While officers were trying to process the scene, a group of people started to cause problems for the officers. One person allegedly used a baseball bat to hit several police vehicles, breaking the windows."
New Mexico,Las Cruces,About 40 people protested peacefully at the intersection of Main Street and Picacho Avenue.
New Mexico,Santa Fe,About 250 people protested at the state capitol.
New York,Albany,"A large rally organized by Citizen Action peacefully protested with a ""solidarity walk"" that began at Townsend Park on May 30. Demonstrators threw objects at police later that night."
New York,Binghamton,Nearly 1000 people marched from Binghamton High School to Recreation Park on May 31. Only 200 were expected.
New York,Buffalo,"On May 30, a crowd of over a thousand people peacefully protested at City Hall, and the federal courthouse. However these protests escalated toward the evening hours. Erie County Executive Mark Poloncarz issued a countywide state of emergency and curfew effective from 10:30PM until 7:00AM. There was a small fire after someone threw a flaming object inside a City Hall window. The following day, on May 31, another curfew was issued effective from 9:00PM until 6:00AM.[citation needed]"
New York,Kingston,Demonstrators marched from Academy Green to Kingston City Hall on March 30.
New York,Nanuet,"Over 300 peaceful protesters attended an ""I Can't Breathe"" protest in Rockland County."
New York,New Paltz,Hundreds marched the streets on May 30.
New York,New York City,"Nearly 100 protesters assembled in Union Square on May 28; 72 protesters were arrested, five of whom were charged with assaulting police officers, and several police officers were lightly injured. Protesters marched to City Hall and shut down traffic in Lower Manhattan. In Manhattan, one protester punched an officer in the face, while another threw a garbage can at an officer, striking him on the head. Protesters also threw bottles at police officers. The following day, May 29, peaceful protests resumed around Foley Square in Manhattan, but later protesters clashed with police at Barclays Center in Brooklyn and demolished two police vehicles in the Fort Greene neighborhood. Protesters also attempted to breach the 79th precinct in Bedford–Stuyvesant, Brooklyn, but were repelled. Additional confrontations took place at Fort Greene Park. Some protesters threw projectiles at the police. One allegedly punched an officer with brass knuckles. One woman allegedly threw a Molotov cocktail into an occupied police car. She was later charged with attempted murder. A police van was also torched. Twelve police officers total were injured during the clashes, and at least 200 arrested. On late Saturday evening a video of an NYPD car driving into a barrier, injuring protesters, was released.  345 protesters were arrested on Saturday night, including Mayor Bill de Blasio's daughter Chiara."
North Carolina,Asheville,Hundreds of protesters shut down parts of I-240 near the Captain Jeff Bowen bridge on May 31.
North Carolina,Charlotte,"Hundreds of protesters marched down Beatties Ford Road on May 29. Some protesters threw rocks and bottles at police, smashed the windows of police vehicles and jumped on them, and stole a bike from an officer. Police used pepper spray bullets to break up the riot. Some protesters also smashed store windows and looted in the University Park Shopping Center. On May 30, the protest grew and gathered in Uptown Charlotte, blocking traffic on Interstate 277 and later through the downtown district. The Charlotte-Mecklenburg Police Department fired tear gas and rubber bullets into the crowds. The city was also placed under a State of Emergency. City Councilman Braxton Winston was among those arrested Friday night."
North Carolina,Durham,A peaceful protest occurred in Durham on May 30. About 100 protesters marched to police headquarters on May 30.
North Carolina,Fayetteville,"A peaceful protest organized for 3 p.m. on May 30 remained non-violent until that evening, when protesters burned a U.S. flag in front of the historic Market House before vandalizing and lighting fires in it."
North Carolina,Maxton,"Town mayor Paul Davis imposed a curfew on the town ""as a precautionary measure in light of protests across the country."""
North Carolina,Raleigh,"On May 30, a peaceful protest event named ""A National Day of Action — Justice for George Floyd, Breonna Taylor, Ahmaud Arbery and lives cut short by Raleigh and Durham police departments,"" was organized, with crowds gathering by the Wake County Justice Center before marching up Fayetteville Street. By 6 p.m. the number of protesters had grown to around 1,000 people. Around 6:45, the protests descended into chaos as people began throwing objects at Raleigh police officers, resulting in officers using tear gas and pepper spray on the crowds. Officers continued to deploy tear gas through the evening. Nearly every storefront along Fayetteville street was vandalized. From 11:30 p.m. on May 30 through 2 a.m. May 31, people looted and vandalized downtown businesses, including breaking windows and setting fires, causing police to deploy tear gas in heavier amounts. By 6 a.m., Raleigh police reported protests in the city had ceased. 12 people were arrested and five officers were sent to hospitals, including one with a broken jaw."
North Dakota,Bismarck,Hundreds gathered to share solidarity for the life of George Floyd at Peace Park on May 30. A witness said she saw the passenger of a pickup truck displaying a Confederate Flag and Trump 2020 regalia point a gun at the protesters.
North Dakota,Fargo,"Black Lives Matter protesters marched from Island Park past the Police Station and then south on 25th Street, as reported on May 30. Nearby Moorhead, Minnesota's African-American Mayor Johnathan Judd pressed the flesh in the crowd of thousands asking people to get more involved in their community."
Ohio,Canton,"Several hundred people protested.  Tear gas was used to disperse the crowd, and at least two arrests were made."
Ohio,Cincinnati,"Over 500 protesters gathered to protest; the protest began peacefully, with looting and vandalism occurring overnight on May 29. Protesters blocked traffic on Interstate 75. Police used ""multiple rounds"" of pepper bombs as well as pepper spray canisters to disperse the crowds of protesters. All police are on 12-hour shifts with time off being cancelled to free up space. On May 30, Cincinnati Mayor John Cranley erected a curfew beginning at 10:00 p.m. and ending at 6:00 a.m. on Saturday and Sunday in the downtown area."
Ohio,Cleveland,"According to the Cleveland Police Department, the protests starting on Saturday began peaceful however police had to disperse crowds after some protesters began throwing objects. Several businesses were vandalized and looted, and a curfew was activated beginning at 8pm and ending at 8am, local time, for Saturday May 30, 2020 and Sunday May 31, 2020."
Ohio,Columbus,"Protesters broke into the Ohio Statehouse and vandalized several businesses. At around 7:00 p.m. EDT, protesters blocked traffic on Interstate 71 near 15th Street. At around 9:00 p.m. protesters began throwing bottles, leading police to disperse pepper spray into the crowd. Some protesters threw the pepper spray back at police officers. Protesters then began throwing eggs, fireworks, smoke bombs, jugs of water, and shoes. Police were able to get the protesters back to N. High St. and State St. There, some protesters broke the windows of businesses and bus stops. They also smashed the front doors and windows of the state capitol building, with some gaining entrance to the Statehouse. At N. High St. and Town St. some protesters began breaking into businesses and looting from a local convenience store. Additionally, protesters tore trash cans and mailboxes from their mounts. The Ohio Theatre was also damaged. The Columbus Association for the Performing Arts estimated the damage at $15,000. Protests continued on May 29. Protesters entered the middle of Front Street, disrupting traffic. Some protesters threw water bottles, rocks, and bricks and shot fireworks at officers. Additional businesses in the Short North district were looted. Five police officers were injured during the protests. The Columbus Police Department declared an emergency.  Over 100 properties were damaged throughout the night. Five people were arrested that day for setting off fireworks and creating a panic, and five police officers were injured, at least two by rocks and bricks thrown at them. On May 30, Governor Mike DeWine called in the Ohio National Guard, with Ohio Highway Patrol officers to help with law enforcement. Police have been unable to respond to regular calls due to the protests. Protests into the night involved demonstrators throwing items including rocks, water bottles, a traffic cone, a bottle of urine, and a bag of rocks. Around 9:35 p.m., the city responded to a trash fire at a construction site downtown, near where protests were held. The curfew went into effect for the first time at 10 p.m. on May 30. 59 people were arrested following the May 30 protests."
Ohio,Dayton,"A rally was called at the Walter H. Rice Federal Building to honor Floyd and Ahmaud Arbery. Religious leaders and a school board member spoke. Several hundred protesters attended. Eventually, police used tear gas to disperse three different groups because they were blocking traffic."
Ohio,Toledo,"On Saturday, May 30th, hundreds protested in Downtown Toledo. The peaceful protest turned violent, with protesters throwing objects at police officers, breaking windows, and glass doors, and damaging numerous businesses. The violent protests eventually moved to the Northwest part of the city breaking into a Target with looting, and breaking and entering other retail businesses in the same strip mall. The Mayor of Toledo issued a curfew for parts of Downtown, Toledo on Saturday May 30th from 9pm to 6am. On Sunday May 31st a peaceful protest occurred near the Franklin Park Mall, however at times blocking traffic on Monroe St. and some point walking 3 miles down to Secor Rd. https://www.13abc.com/news/. Missing or empty |title= (help).mw-parser-output cite.citation{font-style:inherit}.mw-parser-output .citation q{quotes:""\""""""\""""""'""""'""}.mw-parser-output .id-lock-free a,.mw-parser-output .citation .cs1-lock-free a{background-image:url(""//upload.wikimedia.org/wikipedia/commons/thumb/6/65/Lock-green.svg/9px-Lock-green.svg.png"");background-image:linear-gradient(transparent,transparent),url(""//upload.wikimedia.org/wikipedia/commons/6/65/Lock-green.svg"");background-repeat:no-repeat;background-size:9px;background-position:right .1em center}.mw-parser-output .id-lock-limited a,.mw-parser-output .id-lock-registration a,.mw-parser-output .citation .cs1-lock-limited a,.mw-parser-output .citation .cs1-lock-registration a{background-image:url(""//upload.wikimedia.org/wikipedia/commons/thumb/d/d6/Lock-gray-alt-2.svg/9px-Lock-gray-alt-2.svg.png"");background-image:linear-gradient(transparent,transparent),url(""//upload.wikimedia.org/wikipedia/commons/d/d6/Lock-gray-alt-2.svg"");background-repeat:no-repeat;background-size:9px;background-position:right .1em center}.mw-parser-output .id-lock-subscription a,.mw-parser-output .citation .cs1-lock-subscription a{background-image:url(""//upload.wikimedia.org/wikipedia/commons/thumb/a/aa/Lock-red-alt-2.svg/9px-Lock-red-alt-2.svg.png"");background-image:linear-gradient(transparent,transparent),url(""//upload.wikimedia.org/wikipedia/commons/a/aa/Lock-red-alt-2.svg"");background-repeat:no-repeat;background-size:9px;background-position:right .1em center}.mw-parser-output .cs1-subscription,.mw-parser-output .cs1-registration{color:#555}.mw-parser-output .cs1-subscription span,.mw-parser-output .cs1-registration span{border-bottom:1px dotted;cursor:help}.mw-parser-output .cs1-ws-icon a{background-image:url(""//upload.wikimedia.org/wikipedia/commons/thumb/4/4c/Wikisource-logo.svg/12px-Wikisource-logo.svg.png"");background-image:linear-gradient(transparent,transparent),url(""//upload.wikimedia.org/wikipedia/commons/4/4c/Wikisource-logo.svg"");background-repeat:no-repeat;background-size:12px;background-position:right .1em center}.mw-parser-output code.cs1-code{color:inherit;background:inherit;border:inherit;padding:inherit}.mw-parser-output .cs1-hidden-error{display:none;font-size:100%}.mw-parser-output .cs1-visible-error{font-size:100%}.mw-parser-output .cs1-maint{display:none;color:#33aa33;margin-left:0.3em}.mw-parser-output .cs1-subscription,.mw-parser-output .cs1-registration,.mw-parser-output .cs1-format{font-size:95%}.mw-parser-output .cs1-kern-left,.mw-parser-output .cs1-kern-wl-left{padding-left:0.2em}.mw-parser-output .cs1-kern-right,.mw-parser-output .cs1-kern-wl-right{padding-right:0.2em}.mw-parser-output .citation .mw-selflink{font-weight:inherit}"
Ohio,Youngstown,"Thousands of people participated in a peaceful march organized by The Mahoning Valley Sojourn to the Past on the afternoon of May 31, which was followed by a smaller, continuing protest in which groups blocked traffic on Interstate 680. This protest was dispersed by police. As a result of this, Youngstown and several bordering towns imposed curfews for the night of May 31."
Oklahoma,Oklahoma City,Hundreds of people protested peacefully.  Four people were arrested.
Oklahoma,Tulsa,"Hundreds of people protested peacefully.  One protestor was hit by a vehicle when the protest moved onto Interstate 44, briefly shutting it down."
Oregon,Bend,Hundreds attended a Justice for George Floyd rally in downtown Bend.
Oregon,Corvallis,"Protestors gathered around city hall with signs in support and recognition of the Black Lives Matter movement, flashing the signs toward passing vehicles. Many drivers honked their horns and shook their fists as an act of solidarity for the group.Activists could be seen chanting around the sidewalks of downtown Corvallis, eventually making their way to the local police station. Most chants were designed to remember the memory of George Floyd and highlight the perceived racial inequities seen throughout the country. The protest was entirely peaceful in its nature, taking place over the course of two hours and involved around 50 protestors. There were few signs of involvement from law enforcement throughout the protest, limited to a single sheriff’s vehicle driving past the crowd. On May 31, about 2000 people chanted ""No Justice, No Peace"" outside the Benton County Courthouse. American Sign Language interpreters translated the passionate speeches."
Oregon,Eugene,"A crowd of around 300 people gathered on May 29 to protest downtown. Some protesters disrupted traffic and knocked trash and newsstands into the street in the downtown. Rioters crowded on to Highway I-105 and began setting fire to a nearby road sign. That night, fires were set and windows were smashed. Around 11 p.m., they created a bonfire in the street, consisting of throwing in traffic cones, newspapers, signs from local businesses, and other items. No arrests were made."
Oregon,Portland,"Hundreds attended a peaceful vigil for George Floyd in North Portland, on May 29. Later a larger protest consisting of thousands started. Peaceful protests on May 29 evolved into a riot, which resulted in Portland declaring a state of emergency following several shootings and fires. Riots saw a break-in and fire set in the Multnomah County Justice Center and several stores looted. Mobs broke into Pioneer Place Mall, an Apple store, and several other businesses and looted stores. Some rioters vandalized the Justice Center, breaking windows, painting graffiti, and starting a fire. A Capital One bank was set ablaze as well. Two men were seen throwing a scooter and a bicycle at a police cruiser. Several people also climbed onto the cruiser's roof. Mayor Ted Wheeler installed a curfew from 8 p.m. Friday to 6 a.m. Saturday and again from 8 p.m. Saturday to 6 a.m. Sunday. Several hundred people participated and 13 arrests were made."
Pennsylvania,Allentown,"A subdued rally occurred Saturday night at Seventh and Hamilton Streets. Mayor Ray O'Connel spoke to the crowd but was heckled for claiming ""This is not my America!"""
Pennsylvania,Bethlehem,Hundreds of demonstrators demanded an end to police brutality at the Bethlehem Rose Garden followed by a march to City Hall on Saturday.
Pennsylvania,Easton,"An estimated 1500 protestors came out to Center Square, and marched several laps on the streets before marching to City Hall."
Pennsylvania,Erie,"Several hundred people chanted ""No Justice! No Peace!"" and carried signs reading ""I Can't Breathe"" in and around Perry Square on Saturday, turning violent in the evening. Protestors vandalized city hall, businesses were looted and vandalized, a small fire was set at the Erie Otters office, and water bottles and fireworks were thrown at police. A man was shot in the thigh around 11 PM on Saturday as well."
Pennsylvania,Harrisburg,"Protesters surrounded a police car after a peaceful rally that began at the State Capitol, riot police were summoned to shoot pepper spray into the crowd."
Pennsylvania,Lancaster,"Hundreds of protesters peacefully gathered at a rally named ""We've had enough, time to stand"" on Saturday morning."
Pennsylvania,New Castle,About 100 protestors peacefully marched through downtown on the afternoon of May 31 led by Mayor Chris Frye and the city's police chief.
Pennsylvania,Philadelphia,"Protesters demanded justice for a ""Solidarity with Minneapolis"" rally at City Hall and the Philadelphia Museum of Art. At the height of the protests over 3,000 people were demonstrating. The museum protests were peaceful, but in the evening the protests turned violent with police vehicles being set on fire and looting in Center City Philadelphia. 13 police officers were injured including one hit by a vehicle while trying to stop a looting. Mayor Jim Kenney imposed a city-wide 8pm curfew on Saturday night. On Sunday, streets in Center City Philadelphia were closed while looting and destruction spread to Northeast Philadelphia and West Philadelphia. A curfew was imposed starting at 6pm on Sunday night, with businesses ordered to close, while SEPTA suspended public transportation service."
Pennsylvania,Pittsburgh,"More than 3,000 protesters marched through downtown Pittsburgh on the afternoon of May 30. The initially peaceful protest turned into a riot resulting in injuries, looting, and burning of police cars. Police dispersed tear gas in response. Two journalists from KDKA-TV were injured when protesters ""stomped and kicked"" them and destroyed their camera.Mayor Bill Peduto denounced the vandals as ""anarchists, hell bent on chaos and destruction,"" who ""hijacked a peaceful march for justice and exploited it for their own selfish agenda."" The city was declared unsafe by city officials and a curfew was set from 8:30 PM until 6 AM. On Sunday, May 31, a group of 150 protestors spray painted Grant Street with messages such as ""I can't breathe"". Officials said there were no incidents to report. Pittsburgh Police also identified the suspect who allegedly was seen on camera destroying a police car on May 30. A warrant has been issued for his arrest."
Pennsylvania,Scranton,Dozens of people peacefully protested at Courthouse Square on Saturday.
Pennsylvania,State College,"More than 1000 community members protested downtown at a rally organized by an area High School student. Speakers included a former Penn State basketball player, the mayor and student leaders. Remembered by many was Osaze Osagie, an African-American man w killed after a confrontation with State College Police last year. Hundreds or thousands of people participated in a nonviolent protest on Sunday, May 31 over the course of about four hours, including a march from Penn State's campus to the State College police department and speeches from several local residents and students."
Pennsylvania,Wilkes-Barre,"Dozens of people held up signs and chanted ""Black Lives Matter"" at a center city public square on Saturday."
Rhode Island,Providence,"Nearly 1,000 people protested at the State House lawn at a peaceful rally organized by Black Lives Matter Rhode Island. Later that night the building was vandalized."
South Carolina,Charleston,"The city issued a curfew after protests resulted in vandalism of public property and statues and some protesters threw rocks at police and citizens. Additionally, several businesses and restaurants had glass windows busted. Two men wearing MAGA hats were assaulted. At one point, police in riot gear used tear gas to stall protesters. Protesters halted traffic on Interstate-26."
South Carolina,Columbia,"On May 30, 2020, protesters marched from the South Carolina Statehouse to the city of Columbia police station. Several businesses and restaurants in the nearby business district were vandalized. Mayor Stephen K. Benjamin announced a mandatory 6 p.m. curfew for the city. Four police officers were injured, one critically. Later that night shots were fired at police, and the shooters were arrested. The officers did not return fire. The follow day, a group of 200 protesters formed in Marion Square."
South Carolina,Greenville,"On May 30, two protests were held at Peace Center and Falls Park. Not affiliated with Black Lives Matter, the first event was attended by Mayor Knox White. About 300 people marched at the second protest, some arrests were made."
South Carolina,Myrtle Beach,"Dozens of protesters attended a rally downtown on the morning of May 31. Protesters initially blocked the entrance to the Myrtle Beach Police Station in what felt like a ""standoff"" but when officers joined in and the Chief addressed the crowd cheered. Mayor Brenda Bethune declared a civil emergency due to a ""credible threat"" against police related to the protest. A curfew was set to start at 7pm May 31."
South Dakota,Rapid City,"George Floyd's uncle Selwyn Jones spoke at an event held at Memorial Park on May 29th. He said his nephew was ""was always smiling and laughing.” The rally ended with a performance by Native American musicians. The Chief of Police expressed regrets that he could not attend the memorial."
South Dakota,Sioux Falls,"A protest was held in downtown Sioux Falls on May 31, ending outside the Sioux Falls and Minnehaha County Law Enforcement Center. The protestors continued to march until they reached the Sioux Empire Mall, where police and protestors clashed and SWAT and National Guard were deployed, shooting tear gas and rubber bullets at the crowd mostly made up of teenagers. This led to riots and looting of the mall and other nearby stores as a response."
Tennessee,Knoxville,Hundreds of protesters demonstrated on Friday evening in front of police headquarters and then marched through downtown Knoxville.
Tennessee,Memphis,"Silent demonstrations of around 40 people protesting the deaths of Floyd, Breonna Taylor in Kentucky, and Ahmaud Arbery, led to ""verbal confrontations"" with Memphis police and two counter-protesters from the Facebook group ""Confederate 901."" On May 27, protesters shut down Union Avenue near McLean Boulevard. Just after midnight Saturday night, police in riot gear clashed with a large crowd on Beale Street. Shelby County Commissioner Tami Sawyer, who was on scene, tweeted: “Memphis police have threatened to use lethal force if we don’t leave the parking lot. They have arrested our friends. We’re not leaving."" On Sunday Evening May 31, the fifth straight day of protests, more riot police attempted to disperse a crowd of 100 that were occupying Main Street."
Tennessee,Murfreesboro,"On May 31, a group of about 50 protesters marched toward a building on the Tennessee State University campus named after Nathan Bedford Forrest but were stopped by police in armored vehicles. Police accused protesters of vandalizing an armored car and throwing a brick through the window of a local business. A 12 year old girl was injured by tear gas. Mayor Shane McFarland issued a state of emergency order. A curfew was in effect as of 6:30pm."
Tennessee,Nashville,"Thousands gathered at a protest occurred Saturday afternoon in downtown Nashville; protesters peacefully demonstrated in Legislative Plaza and then marched to a police department. In the evening, the crowd damaged a police car, threw rocks and sprayed graffiti; at least 5 were arrested. Mayor John Cooper declared a state of emergency and called in the national guard after a spate of arsons, including the burning of Nashville's courthouse."
Texas,Amarillo,"A crowd of more than 100 marched from City Hall to Sam Houston Park starting around 10am on May 31. There were some conflicts with ""armed individuals"" and a group that ""came to protect the city and community from destruction."""
Texas,Austin,"Protesters demonstrated in downtown Austin on Friday night; police arrested at least nine people. On May 30 thousands of protesters gathered outside Austin Police Department's headquarters. They then climbed on to I-35, stopping traffic on both sides."
Texas,Dallas,"Almost a thousand people protested in front of the Dallas Police Headquarters. The gathering and march organized was by the Next Generation Action Network. On the night of May 29, some demonstrators broke windows, looted businesses, set fires to dumpsters, trash cans, and patrol cars.  Several police cruisers were damaged in the Deep Ellum neighborhood and downtown Dallas. One group of protesters then walked onto the freeway and blocked traffic on Interstate 35, shutting down traffic and torching a parked car. A man with a machete was badly injured by a mob. Video shows the man being beaten by 10-15 men. Objects used in the attack included a skateboard and several medium sized rocks. Mayor Eric Johnson said that while the protests were largely respectful, the looting and destruction of property could not be allowed."
Texas,El Paso,"On the night of May 29, the headquarters of the El Paso Police Department on Raynor Street was vandalized with graffiti reading ""RIP George Floyd"" and ""No Justice No Peace"". Two days later, on the night of Sunday, May 31, hundreds of protesters gathered in Memorial Park and knelt for an eight-minute moment of silence before marching to the El Paso Police Department. El Paso Police had asked on Twitter for ""the public's support in making this a peaceful assembly as a tribute and in honor of Mr. George Floyd"", and El Paso native Khalid encouraged the public to stay safe."
Texas,Fort Worth,Community activists marched from the historic Tarrant County Courthouse to the Fort Worth Convention Center without incident on May 29. About 200 peaceful protesters gathered downtown on May 30.
Texas,Houston,"Large numbers protested in George Floyd's hometown. Mayor Sylvester Turner made calls for unity and peace. Over 200 people were arrested, most with obstructing a roadway. According to police reports four officers suffered minor injuries and eight police vehicles were damaged. Houston police stated that they were investigating a video that appeared to show a female protester being trampled by a police officer on a horse."
Texas,Lubbock,Nearly 200 people took a stand against racism and police brutality at Tim Cole Memorial Park on May 30.
Texas,San Antonio,Several thousand people protested peacefully downtown outside the San Antonio Public Safety Headquarters.
Texas,Texarkana,"On Saturday afternoon, 70 to 100 protesters gathered peacefully at the State Line Post Office to listen to speeches, then marched to downtown before returning northward to a parking lot at State Line and Arkansas Boulevard, where the crowd grew and passing motorists honked in support."
Utah,Ogden,"Around 1,000 people attended the ""Take a Knee"" protest in front of the Ogden City Municipal Building after turnout was only expected to reach 70 to 200; police barricaded numerous streets due to this higher-than-anticipated turnout. It was largely peaceful, with protestors opting to utilize verbal chants and speeches rather than violence. After the conclusion of the protest, protestors shook hands with police officers."
Utah,Provo,A small car caravan organized by Utah County Against Police Brutality raised awareness on May 30 for George Floyd and Bernardo Palacios who was killed by Salt Lake City Police on May 23.
Utah,Salt Lake City,"On Friday, around 150 to 200 people protested downtown at 900 South and State Street. The protests later turned violent on Saturday, as protesters overturned a SLCPD police cruiser and set it ablaze. Protestors vandalized parts of the Utah State Capitol Building. A man who identified himself as Brandon McCormick aimed a bow and arrow at protesters and reportedly fired off an arrow, after responding to a stranger who asked him if he calls himself an American with: ""Yes, I'm American. All lives matter."" This prompted other protesters to tackle him to the ground and overturn his car, which caught on fire. The majority of demonstrations have been peaceful, with thousands being reported marching through the streets."
Vermont,Burlington,Hundreds of people began protesting in Battery Park and moved toward the Burlington Police Department.
Vermont,Montpelier,Hundreds of people protested at the intersection of State and Main Streets.
Virginia,Charlottesville,"About 15 people demonstrated with signs on University Avenue on Friday Night. On Saturday, a large crowd flooded the streets near the police station, briefly blocking an intersection during a #JusticeForGeorgeFloyd event."
Virginia,Hampton Roads,"On May 29, a standoff between police and protesters on West Mercury Boulevard ended with four arrests. Hundreds of protesters took over major roads and bridges area on May 31 for the third day of protests."
Virginia,Lynchburg,About 100 people gathered for a Black Lives Matter protest outside the Lynchburg Community Market on May 30.
Virginia,Manassas,"On May 30, several hundred protesters gathered around the area of Sudley Road and Sudley Manor Drive.State and local police arrived and shortly thereafter declared the gathering an unlawful assembly. Up to two officers received minor injuries. State Delegate Lee J. Carter, who represents part of the area in the Virginia's House of Delegates, attended the protest. Delegate Carter was hit with pepper spray, and multiple flashbang grenades after identifying himself to the police."
Virginia,Richmond,"On May 29, a group of several hundred protesters gathered near Monroe Park in what began as a peaceful march, but escalated into a clash with Virginia Commonwealth University police, City of Richmond police, and Virginia Capitol Police. A VCU police cruiser was set on fire and destroyed. A GRTC Pulse bus was also destroyed by protesters. After destroying the bus rioters went on top of it, spray painted it, and yelled ""black lives matter."" They also set off fireworks, broke windows at Richmond Police Headquarters, set dumpsters on fire,  and damaged other properties. Several journalists were assaulted and a local news station's vehicle was vandalized."
Virginia,Staunton,"About 150 protesters marched to the Augusta County Courthouse where a ""Justice for George Floyd"" rally was held. Speakers included the granddaughter of a KKK member."
Washington,Bellevue,"Main article: George Floyd protests in Bellevue, Washington Demonstrators gather to protest in Bellevue"
Washington,Olympia,"On May 30, over 150 gathered at the Washington State Capitol."
Washington,Pasco,Hundreds gathered at a busy intersection on May 31. Protesters lay in the street for eight minutes then marched to the Pasco Police Station.
Washington,Richland,More than 200 protesters gathered at John Dam Plaza and marched along George Washington Way on May 30.
Washington,Seattle,"Main article: George Floyd protests in Seattle On May 29, a small protest happened in Downtown Seattle and Capitol Hill, damaging windows of several stores. A larger demonstration was organized the following day at Westlake Park, joined by thousands from a protest at police headquarters, and evolved into a standoff between protesters and police. Several stores in Downtown Seattle were looted, among them the Nordstrom flagship store. Protesters also blocked Interstate 5 in both directions. A citywide curfew was declared for 5 p.m. by mayor Jenny Durkan and the Washington National Guard was activated by Governor Jay Inslee."
Washington,Spokane,"Thousands march in Spokane on Sunday to protest George Floyd’s death, police brutality"
Washington,Tacoma,"Hundreds marched in Tacoma, on May 30."
West Virginia,Charleston,A group of protestors marched around the West Virginia State Capitol complex on May 30. Hundreds of people protested police brutality outside of Charleston City Hall and the Charleston Police Department on May 31.
West Virginia,Fairmont,A large group marched through the streets of downtown Fairmont with police on the scene. Hundreds filled the streets.
West Virginia,Huntington,"There were two protests in Huntington, one at Ritter Park and a second one at Pullman Square."
West Virginia,Morgantown,Protestors gathered on the downtown campus of West Virginia University.
Wisconsin,Eau Claire,Hundreds marched from Phoenix Park to Owen Park through downtown Eau Claire on May 31.
Wisconsin,Green Bay,"On the evening of May 30th and the afternoon of May 31st, there were peaceful protests held in downtown Green Bay."
Wisconsin,La Crosse,"On the evening of May 29 and May 30, 2020, there was peaceful protests held in downtown La Crosse."
Wisconsin,Madison,"On May 30, there was a peaceful demonstration at the State Capitol with around 1000 attendees. As the evening progressed, it evolved into a minor riot with some storefronts on State Street getting damaged, and a conflict with police that was met with tear gas. A neighborhood curfew was declared by Mayor Satya Rhodes-Conway."
Wisconsin,Milwaukee,"Hundreds of protesters blocked highways and organized a vehicle procession that traveled several miles. There were reports of looting and mild arson at a Walgreen's pharmacy, as well as the looting of a Boost Mobile store. Several other businesses were damaged. In addition, one police officer was mildly injured by gunfire. Protests over the killing of Joel Acevedo by an off-duty Milwaukee police officer were prompted by the George Floyd protests."
Wyoming,Cheyenne,There were protests held on May 30 and 31.
Wyoming,Jackson,Over 150 people protested peacefully at Town Square.
